{
	"credit": "Made with Blockbench",
	"texture_size": [32, 32],
	"textures": {
		"1": "custom/entity/baby_snail",
		"particle": "custom/entity/snail"
	},
	"elements": [
		{
			"from": [9, 4, 1],
			"to": [9, 5, 2],
			"rotation": {"angle": -45, "axis": "z", "origin": [9, 4, 1]},
			"faces": {
				"north": {"uv": [0, 0, 0, 0.5], "texture": "#1"},
				"east": {"uv": [0, 5, 0.5, 5.5], "texture": "#1"},
				"south": {"uv": [0, 0, 0, 0.5], "texture": "#1"},
				"west": {"uv": [0.5, 5, 1, 5.5], "texture": "#1"},
				"up": {"uv": [0, 0.5, 0, 0], "texture": "#1"},
				"down": {"uv": [0, 0, 0, 0.5], "texture": "#1"}
			}
		},
		{
			"from": [6, 3, 4],
			"to": [10, 6, 8],
			"rotation": {"angle": 0, "axis": "y", "origin": [0, 2, 0]},
			"faces": {
				"north": {"uv": [4, 0, 6, 1.5], "texture": "#1"},
				"east": {"uv": [4, 1.5, 6, 3], "texture": "#1"},
				"south": {"uv": [2, 4, 4, 5.5], "texture": "#1"},
				"west": {"uv": [4, 3, 6, 4.5], "texture": "#1"},
				"up": {"uv": [4, 2, 2, 0], "texture": "#1"},
				"down": {"uv": [4, 2, 2, 4], "texture": "#1"}
			}
		},
		{
			"from": [7, 3, 1],
			"to": [9, 4, 10],
			"rotation": {"angle": 0, "axis": "y", "origin": [0, 3, 0]},
			"faces": {
				"north": {"uv": [0, 4.5, 1, 5], "texture": "#1"},
				"east": {"uv": [4, 4.5, 8.5, 5], "texture": "#1"},
				"south": {"uv": [1, 4.5, 2, 5], "texture": "#1"},
				"west": {"uv": [4, 5, 8.5, 5.5], "texture": "#1"},
				"up": {"uv": [1, 4.5, 0, 0], "texture": "#1"},
				"down": {"uv": [2, 0, 1, 4.5], "texture": "#1"}
			}
		},
		{
			"from": [7, 4, 1],
			"to": [7, 5, 2],
			"rotation": {"angle": 45, "axis": "z", "origin": [7, 4, 1]},
			"faces": {
				"north": {"uv": [0, 0, 0, 0.5], "texture": "#1"},
				"east": {"uv": [1, 5, 1.5, 5.5], "texture": "#1"},
				"south": {"uv": [0, 0, 0, 0.5], "texture": "#1"},
				"west": {"uv": [1.5, 5, 2, 5.5], "texture": "#1"},
				"up": {"uv": [0, 0.5, 0, 0], "texture": "#1"},
				"down": {"uv": [0, 0, 0, 0.5], "texture": "#1"}
			}
		}
	],
	"display": {},
	"groups": [
		{
			"name": "snail",
			"origin": [7, 2, 1],
			"color": 0,
			"nbt": "{}",
			"children": [0, 1, 2, 3]
		}
	]
}