{
	"credit": "Made with Blockbench",
	"texture_size": [64, 64],
	"textures": {
		"0": "custom/entity/mining_turtle",
		"particle": "custom/entity/mining_turtle"
	},
	"elements": [
		{
			"from": [4, 4, -2],
			"to": [12, 12, 1],
			"rotation": {"angle": -45, "axis": "z", "origin": [8, 8, 1]},
			"faces": {
				"north": {"uv": [0.75, 7.25, 2.75, 9.25], "texture": "#0"},
				"east": {"uv": [0, 7.25, 0.75, 9.25], "texture": "#0"},
				"south": {"uv": [3.5, 7.25, 5.5, 9.25], "texture": "#0"},
				"west": {"uv": [2.75, 7.25, 3.5, 9.25], "texture": "#0"},
				"up": {"uv": [2.75, 7.25, 0.75, 6.5], "texture": "#0"},
				"down": {"uv": [4.75, 6.5, 2.75, 7.25], "texture": "#0"}
			}
		},
		{
			"from": [6, 6, -6],
			"to": [10, 10, -2],
			"rotation": {"angle": -22.5, "axis": "z", "origin": [8, 8, 1]},
			"faces": {
				"north": {"uv": [1, 10.25, 2, 11.25], "texture": "#0"},
				"east": {"uv": [0, 10.25, 1, 11.25], "texture": "#0"},
				"south": {"uv": [3, 10.25, 4, 11.25], "texture": "#0"},
				"west": {"uv": [2, 10.25, 3, 11.25], "texture": "#0"},
				"up": {"uv": [2, 10.25, 1, 9.25], "texture": "#0"},
				"down": {"uv": [3, 9.25, 2, 10.25], "texture": "#0"}
			}
		},
		{
			"from": [7, 7, -9],
			"to": [9, 9, -6],
			"rotation": {"angle": -45, "axis": "z", "origin": [8, 8, 1]},
			"faces": {
				"north": {"uv": [0.75, 2.75, 1.25, 3.25], "texture": "#0"},
				"east": {"uv": [0, 2.75, 0.75, 3.25], "texture": "#0"},
				"south": {"uv": [2, 2.75, 2.5, 3.25], "texture": "#0"},
				"west": {"uv": [1.25, 2.75, 2, 3.25], "texture": "#0"},
				"up": {"uv": [1.25, 2.75, 0.75, 2], "texture": "#0"},
				"down": {"uv": [1.75, 2, 1.25, 2.75], "texture": "#0"}
			}
		},
		{
			"from": [2, 1, 1],
			"to": [14, 14, 14],
			"faces": {
				"north": {"uv": [3.25, 3.25, 6.25, 6.5], "texture": "#0"},
				"east": {"uv": [0, 3.25, 3.25, 6.5], "texture": "#0"},
				"south": {"uv": [9.5, 3.25, 12.5, 6.5], "texture": "#0"},
				"west": {"uv": [6.25, 3.25, 9.5, 6.5], "texture": "#0"},
				"up": {"uv": [6.25, 3.25, 3.25, 0], "texture": "#0"},
				"down": {"uv": [9.25, 0, 6.25, 3.25], "texture": "#0"}
			}
		},
		{
			"from": [5, 14, 3],
			"to": [11, 16, 6],
			"faces": {
				"north": {"uv": [8.75, 7.25, 10.25, 7.75], "texture": "#0"},
				"east": {"uv": [8, 7.25, 8.75, 7.75], "texture": "#0"},
				"south": {"uv": [11, 7.25, 12.5, 7.75], "texture": "#0"},
				"west": {"uv": [10.25, 7.25, 11, 7.75], "texture": "#0"},
				"up": {"uv": [10.25, 7.25, 8.75, 6.5], "texture": "#0"},
				"down": {"uv": [11.75, 6.5, 10.25, 7.25], "texture": "#0"}
			}
		},
		{
			"from": [1, 0, 11],
			"to": [3, 4, 15],
			"faces": {
				"north": {"uv": [10.25, 1, 10.75, 2], "texture": "#0"},
				"east": {"uv": [9.25, 1, 10.25, 2], "texture": "#0"},
				"south": {"uv": [11.75, 1, 12.25, 2], "texture": "#0"},
				"west": {"uv": [10.75, 1, 11.75, 2], "texture": "#0"},
				"up": {"uv": [10.75, 1, 10.25, 0], "texture": "#0"},
				"down": {"uv": [11.25, 0, 10.75, 1], "texture": "#0"}
			}
		},
		{
			"from": [13, 0, 0],
			"to": [15, 6, 6],
			"faces": {
				"north": {"uv": [9.5, 9.5, 10, 11], "texture": "#0"},
				"east": {"uv": [8, 9.5, 9.5, 11], "texture": "#0"},
				"south": {"uv": [11.5, 9.5, 12, 11], "texture": "#0"},
				"west": {"uv": [10, 9.5, 11.5, 11], "texture": "#0"},
				"up": {"uv": [10, 9.5, 9.5, 8], "texture": "#0"},
				"down": {"uv": [10.5, 8, 10, 9.5], "texture": "#0"}
			}
		},
		{
			"from": [1, 0, 0],
			"to": [3, 6, 6],
			"faces": {
				"north": {"uv": [7, 8, 7.5, 9.5], "texture": "#0"},
				"east": {"uv": [5.5, 8, 7, 9.5], "texture": "#0"},
				"south": {"uv": [9, 8, 9.5, 9.5], "texture": "#0"},
				"west": {"uv": [7.5, 8, 9, 9.5], "texture": "#0"},
				"up": {"uv": [7.5, 8, 7, 6.5], "texture": "#0"},
				"down": {"uv": [8, 6.5, 7.5, 8], "texture": "#0"}
			}
		},
		{
			"from": [13, 0, 11],
			"to": [15, 4, 15],
			"faces": {
				"north": {"uv": [1, 1, 1.5, 2], "texture": "#0"},
				"east": {"uv": [0, 1, 1, 2], "texture": "#0"},
				"south": {"uv": [2.5, 1, 3, 2], "texture": "#0"},
				"west": {"uv": [1.5, 1, 2.5, 2], "texture": "#0"},
				"up": {"uv": [1.5, 1, 1, 0], "texture": "#0"},
				"down": {"uv": [2, 0, 1.5, 1], "texture": "#0"}
			}
		}
	],
	"display": {
		"thirdperson_righthand": {
			"rotation": [75, 45, 0],
			"translation": [0, 2.5, 0],
			"scale": [0.375, 0.375, 0.375]
		},
		"thirdperson_lefthand": {
			"rotation": [75, 45, 0],
			"translation": [0, 2.5, 0],
			"scale": [0.375, 0.375, 0.375]
		},
		"firstperson_righthand": {
			"rotation": [0, 45, 0],
			"scale": [0.4, 0.4, 0.4]
		},
		"firstperson_lefthand": {
			"rotation": [0, 225, 0],
			"scale": [0.4, 0.4, 0.4]
		},
		"ground": {
			"translation": [0, 3, 0],
			"scale": [0.25, 0.25, 0.25]
		},
		"gui": {
			"rotation": [30, 225, 0],
			"scale": [0.625, 0.625, 0.625]
		},
		"head": {
			"translation": [0, 3, 0]
		},
		"fixed": {
			"scale": [0.5, 0.5, 0.5]
		}
	},
	"groups": [
		{
			"name": "turtle",
			"origin": [8, 8, 1],
			"color": 0,
			"nbt": "{}",
			"children": [
				{
					"name": "drill",
					"origin": [8, 8, 1],
					"color": 0,
					"nbt": "{}",
					"children": [0, 1, 2]
				},
				{
					"name": "body",
					"origin": [0, 0, 0],
					"color": 0,
					"nbt": "{}",
					"children": [3, 4]
				},
				{
					"name": "wheels",
					"origin": [0, 0, 0],
					"color": 0,
					"nbt": "{}",
					"children": [5, 6, 7, 8]
				}
			]
		}
	]
}