{
	"credit": "Made with Blockbench",
	"texture_size": [32, 32],
	"textures": {
		"0": "custom/entity/snail_hurt",
		"particle": "custom/entity/snail_hurt"
	},
	"elements": [
		{
			"from": [9, 2, 1],
			"to": [9, 4, 2],
			"rotation": {"angle": -45, "axis": "z", "origin": [9, 2, 1]},
			"faces": {
				"north": {"uv": [0, 0, 0, 1], "texture": "#0"},
				"east": {"uv": [3, 7, 3.5, 8], "texture": "#0"},
				"south": {"uv": [0, 0, 0, 1], "texture": "#0"},
				"west": {"uv": [3.5, 7, 4, 8], "texture": "#0"},
				"up": {"uv": [0, 0.5, 0, 0], "texture": "#0"},
				"down": {"uv": [0, 0, 0, 0.5], "texture": "#0"}
			}
		},
		{
			"from": [6, 1, 4],
			"to": [10, 7, 10],
			"faces": {
				"north": {"uv": [3, 0, 5, 3], "texture": "#0"},
				"east": {"uv": [0, 0, 3, 3], "texture": "#0"},
				"south": {"uv": [3, 3, 5, 6], "texture": "#0"},
				"west": {"uv": [0, 3, 3, 6], "texture": "#0"},
				"up": {"uv": [7, 3, 5, 0], "texture": "#0"},
				"down": {"uv": [7, 3, 5, 6], "texture": "#0"}
			}
		},
		{
			"from": [7, 0, 1],
			"to": [9, 2, 13],
			"faces": {
				"north": {"uv": [1, 7, 2, 8], "texture": "#0"},
				"east": {"uv": [0, 6, 6, 7], "texture": "#0"},
				"south": {"uv": [2, 7, 3, 8], "texture": "#0"},
				"west": {"uv": [6, 6, 12, 7], "texture": "#0"},
				"up": {"uv": [1, 13, 0, 7], "texture": "#0"},
				"down": {"uv": [8, 0, 7, 6], "texture": "#0"}
			}
		},
		{
			"from": [7, 2, 1],
			"to": [7, 4, 2],
			"rotation": {"angle": 45, "axis": "z", "origin": [7, 2, 1]},
			"faces": {
				"north": {"uv": [0, 0, 0, 1], "texture": "#0"},
				"east": {"uv": [4, 7, 4.5, 8], "texture": "#0"},
				"south": {"uv": [0, 0, 0, 1], "texture": "#0"},
				"west": {"uv": [4.5, 7, 5, 8], "texture": "#0"},
				"up": {"uv": [0, 0.5, 0, 0], "texture": "#0"},
				"down": {"uv": [0, 0, 0, 0.5], "texture": "#0"}
			}
		}
	],
	"display": {},
	"groups": [
		{
			"name": "snail",
			"origin": [7, 2, 1],
			"color": 0,
			"nbt": "{}",
			"children": [0, 1, 2, 3]
		}
	]
}