{
    "pools": [
      {
        "rolls": {
          "min": 0,
          "max": 1
        },
        "entries": [
          {
            "type": "minecraft:item",
            "name": "minecraft:slime_ball",
            "weight": 1,
            "quality": 2
          }
        ]
      },
      {
        "rolls": 1,
        "entries": [
          {
            "type": "minecraft:item",
            "name": "minecraft:command_block",
            "weight": 1,
            "quality": 1,
            "functions": [
              {
                "function": "minecraft:set_components",
                "components": {
                  "minecraft:item_name": "Escargot",
                  "minecraft:rarity": "common",
                  "minecraft:custom_model_data": 9600008,
                  "minecraft:food": {
                    "nutrition": 5,
                    "saturation": 0.5,
                    "effects": [
                      {
                        "effect": {
                          "id": "minecraft:nausea",
                          "amplifier": 0,
                          "duration": 300
                        },
                        "probability": 0.6
                      }
                    ]
                  }
                }
              },
              {
                "function": "minecraft:set_count",
                "count": {
                  "min": 1,
                  "max": 1
                }
              }
            ]
          }
        ]
      }
    ]
  }  