{
    "fallback": "minecraft:empty",
    "elements": [
      {
        "weight": 1,
        "element": {
          "element_type": "minecraft:single_pool_element",
          "projection": "rigid",
          "location": "md:deposit1",
          "processors": "minecraft:mossify_20_percent"
        }
      },
      {
        "weight": 1,
        "element": {
          "element_type": "minecraft:single_pool_element",
          "projection": "rigid",
          "location": "md:deposit2",
          "processors": "minecraft:mossify_20_percent"
        }
      },
      {
        "weight": 1,
        "element": {
          "element_type": "minecraft:single_pool_element",
          "projection": "rigid",
          "location": "md:deposit3",
          "processors": "minecraft:mossify_20_percent"
        }
      },
      {
        "weight": 1,
        "element": {
          "element_type": "minecraft:single_pool_element",
          "projection": "rigid",
          "location": "md:deposit4",
          "processors": "minecraft:mossify_20_percent"
        }
      },
      {
        "weight": 1,
        "element": {
          "element_type": "minecraft:single_pool_element",
          "projection": "rigid",
          "location": "md:deposit5",
          "processors": "minecraft:mossify_20_percent"
        }
      },
      {
        "weight": 1,
        "element": {
          "element_type": "minecraft:single_pool_element",
          "projection": "rigid",
          "location": "md:deposit6",
          "processors": "minecraft:mossify_20_percent"
        }
      },
      {
        "weight": 1,
        "element": {
          "element_type": "minecraft:single_pool_element",
          "projection": "rigid",
          "location": "md:deposit7",
          "processors": "minecraft:mossify_20_percent"
        }
      }
    ]
  }