{
    "type": "minecraft:crafting_shaped",
    "pattern": [
        "cAc",
        "cRc",
        "cGc"
    ],
    "key": {
        "c": {
            "item": "minecraft:copper_ingot"
        },
        "A": {
            "item": "minecraft:amethyst_shard"
        },
        "R": {
            "item": "minecraft:redstone"
        },
        "G": {
            "item": "minecraft:gunpowder"
        }
    },
    "result": {
        "item": "minecraft:command_block",
        "id": "minecraft:command_block",
        "count": 1,
        "components": {
            "minecraft:rarity": "common",
            "minecraft:custom_model_data": 9600001,
            "minecraft:item_name": "{\"text\":\"Creeper Alarm\"}",
            "minecraft:lore": [
                "{\"text\":\"Miner's Delight\",\"color\":\"blue\"}"
            ],
            "minecraft:custom_data": {
                "md": {"creeper_alarm":true},
                "smithed": {"ignore":{"functionality":true,"crafting":true}}
          }
        }
      }
}