{
  "type": "minecraft:crafting_shaped",
  "pattern": [
      "  i",
      "_I ",
      "/_ "
  ],
  "key": {
      "i": {
          "item": "minecraft:iron_ingot"
      },
      "_": {
          "item": "minecraft:smooth_stone_slab"
      },
      "I": {
          "item": "minecraft:iron_block"
      },
      "/": {
          "item": "minecraft:stick"
      }
  },
  "result": {
    "id": "minecraft:stone_pickaxe",
    "item": "minecraft:stone_pickaxe",
    "count": 1,
    "components": {
      "minecraft:custom_model_data": 9600001,
      "minecraft:rarity": "common",
      "minecraft:item_name": "{\"text\":\"Coal Drill\"}",
      "minecraft:food": {"eat_seconds":999999999,"can_always_eat":true,"saturation":0,"nutrition":0},
      "minecraft:lore": [
          "{\"text\":\"Miner's Delight\",\"color\":\"blue\"}"
      ],
      "minecraft:max_damage": 300,
      "minecraft:custom_data": {
          "md": {"drill":true},
          "smithed": {"ignore":{"functionality":true,"crafting":true}}
    }
  }
}
}