{
    "type": "minecraft:crafting_shaped",
    "pattern": [
        " #D",
        "cC#",
        "/c "
    ],
    "key": {
        "#": {
            "item": "minecraft:redstone"
        },
        "D": {
            "item": "minecraft:diamond"
        },
        "c": {
            "item": "minecraft:copper_ingot"
        },
        "C": {
            "item": "minecraft:copper_block"
        },
        "/": {
            "item": "minecraft:blaze_rod"
        }
    },
  "result": {
    "id": "minecraft:stone_pickaxe",
    "item": "minecraft:stone_pickaxe",
    "count": 1,
    "components": {
      "minecraft:custom_model_data": 9600002,
      "minecraft:rarity": "common",
      "minecraft:item_name": "{\"text\":\"Electric Drill\"}",
      "minecraft:food": {"eat_seconds":999999999,"can_always_eat":true,"saturation":0,"nutrition":0},
      "minecraft:lore": [
          "{\"text\":\"Miner's Delight\",\"color\":\"blue\"}"
      ],
      "minecraft:max_damage": 300,
      "minecraft:custom_data": {
          "md": {"electric_drill":true},
          "smithed": {"ignore":{"functionality":true,"crafting":true}}
    }
  }
}
}