{
    "type": "minecraft:crafting_shapeless",
    "ingredients": [
        {
            "item": "minecraft:glow_ink_sac"
        }
    ],
    "result": {
        "id": "minecraft:snowball",
        "count": 6,
        "components": {
            "minecraft:custom_model_data": 9600001,
            "minecraft:rarity": "common",
            "minecraft:max_stack_size": 99,
            "minecraft:item_name": "{\"text\":\"Glowstick\"}",
            "minecraft:lore": [
                "{\"text\":\"Miner's Delight\",\"color\":\"blue\"}"
            ],
            "minecraft:custom_data": {
                "md": {"glowstick":true},
                "smithed": {"ignore":{"functionality":true,"crafting":true}}
          }
        }
    }
}