{
    "type": "minecraft:crafting_shaped",
    "pattern": [
        " #R",
        "#MD",
        "i i"
    ],
    "key": {
        "#": {
            "item": "minecraft:iron_block"
        },
        "R": {
            "item": "minecraft:redstone_block"
        },
        "M": {
            "item": "minecraft:redstone"
        },
        "D": {
            "item": "minecraft:diamond_block"
        },
        "i": {
            "item": "minecraft:iron_ingot"
        }
    },
    "result": {
        "id": "minecraft:item_frame",
        "count": 1,
        "components": {
            "minecraft:custom_model_data": 9600002,
            "minecraft:rarity": "common",
            "minecraft:max_stack_size": 64,
            "minecraft:item_name": "{\"text\":\"Mining Turtle\",\"italic\":false}",
            "minecraft:lore": [
                "{\"text\":\"Miner's Delight\",\"color\":\"blue\"}"
            ],
            "minecraft:entity_data": {
                "id": "minecraft:item_frame",
                "Invisible": true,
                "Silent": true,
                "Tags": ["md.turtleegg","smithed.block","smithed.entity","smithed.strict"]
            },
            "minecraft:custom_data": {
                "md": {"miningturtle":true},
                "smithed": {"ignore":{"functionality":true,"crafting":true}}
          }
    }
}
}