{
    "type": "minecraft:crafting_shaped",
    "pattern": [
        " ##",
        " ##",
        "#  "
    ],
    "key": {
        "#": {
            "item": "minecraft:string"
        }
    },
    "result": {
        "item": "minecraft:item_frame",
        "id": "minecraft:item_frame",
        "count": 2,
        "components": {
            "minecraft:rarity": "common",
            "minecraft:max_stack_size": 16,
            "minecraft:entity_data": {
                "id": "minecraft:item_frame",
                "Invisible": true,
                "Silent": true,
                "Tags": ["md.rope"]
            },
            "minecraft:custom_model_data": 9600001,
            "minecraft:item_name": "{\"text\":\"Rope Ladder\",\"italic\":false}",
            "minecraft:lore": [
                "{\"text\":\"Miner's Delight\",\"color\":\"blue\"}"
            ],
            "minecraft:custom_data": {
                "md": {"ropebundle":true},
                "smithed": {"ignore":{"functionality":true,"crafting":true}}
          }
        }
      }
}