{
    "type": "minecraft:crafting_shaped",
    "pattern": [
        "cAc",
        "cRc",
        " c "
    ],
    "key": {
        "c": {
            "item": "minecraft:copper_ingot"
        },
        "A": {
            "item": "minecraft:amethyst_shard"
        },
        "R": {
            "item": "minecraft:redstone"
        }
    },
    "result": {
        "id": "minecraft:command_block",
        "count": 1,
        "components": {
            "minecraft:custom_model_data": 9600003,
            "minecraft:rarity": "common",
            "minecraft:max_stack_size": 1,
            "minecraft:item_name": "{\"text\":\"Turtle Remote\",\"italic\":false}",
            "minecraft:lore": [
                "{\"text\":\"Miner's Delight\",\"color\":\"blue\"}"
            ],
            "minecraft:custom_data": {
                "md": {"turtle_remote":true},
                "smithed": {"ignore":{"functionality":true,"crafting":true}}
        }
    }
}
}
