{
    "display": {
      "icon": {
        "id": "minecraft:command_block",
        "count": 1,
        "components": {
          "minecraft:custom_model_data": 9600001
        }
      },
      "title": "Creepers Begone",
      "description": "Craft a Creeper Alarm",
      "frame": "task",
      "show_toast": true,
      "announce_to_chat": true
    },
    "parent": "md:root",
    "criteria": {
      "recipe": {
        "trigger": "minecraft:recipe_crafted",
        "conditions": {
          "recipe_id": "md:creeper_alarm"
        }
      }
    }
}  