{
    "display": {
      "icon": {
        "id": "minecraft:stone_pickaxe",
        "count": 1,
        "components": {
          "minecraft:custom_model_data": 9600001
        }
      },
      "title": "Drillin and Grillin",
      "description": "Craft a Coal Powered Drill",
      "frame": "task",
      "show_toast": true,
      "announce_to_chat": true
    },
    "parent": "md:root",
    "criteria": {
      "recipe": {
        "trigger": "minecraft:recipe_crafted",
        "conditions": {
          "recipe_id": "md:drill"
        }
      }
    },
    "rewards": {
      "recipes": [
        "md:creeper_alarm",
        "md:electric_drill"
      ]
    }
  }  