{
    "display": {
      "icon": {
        "id": "minecraft:stone_pickaxe",
        "count": 1,
        "components": {
          "minecraft:custom_model_data": 9600002
        }
      },
      "title": "Eco-Friendly Mining Operation",
      "description": "Craft an Electric Drill",
      "frame": "task",
      "show_toast": true,
      "announce_to_chat": true
    },
    "parent": "md:drill",
    "criteria": {
      "recipe": {
        "trigger": "minecraft:recipe_crafted",
        "conditions": {
          "recipe_id": "md:electric_drill"
        }
      }
    },
    "rewards": {
      "recipes": [
        "md:turtle_remote",
        "md:mining_turtle"
      ]
    }
}