{
    "display": {
      "icon": {
        "id": "minecraft:item_frame",
        "components": {
          "minecraft:custom_model_data": 9600002
        }
      },
      "title": "Automate, Innovate, Excavate",
      "description": "Craft a mining turtle"
    },
    "parent": "md:electric_drill",
    "criteria": {
      "impos": {
        "trigger": "minecraft:recipe_crafted",
        "conditions": {
          "recipe_id": "md:mining_turtle"
        }
      }
    },
    "rewards": {
      "recipes": [
        "md:modules/drill",
        "md:modules/fuel",
        "md:modules/speed",
        "md:modules/shield",
        "md:modules/hopper"
      ],
      "function": "md:give/manual"
    }
}