{
    "display": {
      "icon": {
        "item": "minecraft:stone_pickaxe",
        "id": "minecraft:stone_pickaxe",
        "count": 1,
        "components": {
          "minecraft:custom_model_data": 9600001
        }
      },
      "title": "Miner's Delight",
      "background": "minecraft:textures/gui/advancements/backgrounds/stone.png",
      "description": "Join a world with miner's delight installed",
      "frame": "task",
      "show_toast": true,
      "announce_to_chat": false
    },
    "criteria": {
      "impossible": {
        "trigger": "minecraft:tick"
      }
    },
    "rewards": {
      "recipes": [
        "md:rope",
        "md:drill",
        "md:glowstick"
      ]
    }
}  