{
    "type": "minecraft:crafting_shaped",
    "pattern": [
        "#/#",
        "DRD",
        "#/#"
    ],
    "key": {
        "#": {
            "item": "minecraft:quartz"
        },
        "/": {
            "item": "minecraft:shield"
        },
        "D": {
            "item": "minecraft:diamond"
        },
        "R": {
            "item": "minecraft:redstone"
        }
    },
    "result": {
        "id": "minecraft:command_block",
        "count": 1,
        "components": {
            "minecraft:custom_model_data": 9600004,
            "minecraft:rarity": "common",
            "minecraft:max_stack_size": 1,
            "minecraft:item_name": "{\"text\":\"Mining Turtle Module - Shield\",\"italic\":false}",
            "minecraft:lore": [
                "{\"text\":\"Miners Delight\",\"color\":\"blue\"}"
            ],
            "minecraft:custom_data": {
                "md": {"shieldmodule":true},
                "smithed": {"ignore":{"functionality":true,"crafting":true}}
        }
    }
}
}