{
  "type": "minecraft:chest",
  "pools": [
    {
      "bonus_rolls": 0.0,
      "entries": [
        {
          "type": "minecraft:item",
          "functions": [
            {
              "function": "set_components",
              "components": {
                "minecraft:jukebox_playable": {
                  "song": "md:chime",
                  "show_in_tooltip": true
                },
                "minecraft:max_stack_size": 1,
                "minecraft:lore": [
                  "{\"text\":\"Miner's Delight\",\"color\":\"blue\"}"
                ],
                "minecraft:rarity": "rare",
                "minecraft:custom_model_data": 9600005,
                "minecraft:item_name": "{\"text\":\"Music Disc\"}"
              }
            }
          ],
          "name": "minecraft:command_block",
          "weight": 2
        },
        {
          "type": "minecraft:item",
          "functions": [
            {
              "function": "set_components",
              "components": {
                "minecraft:jukebox_playable": {
                  "song": "md:alarm",
                  "show_in_tooltip": true
                },
                "minecraft:max_stack_size": 1,
                "minecraft:lore": [
                  "{\"text\":\"Miner's Delight\",\"color\":\"blue\"}"
                ],
                "minecraft:rarity": "rare",
                "minecraft:custom_model_data": 9600006,
                "minecraft:item_name": "{\"text\":\"Music Disc\"}"
              }
            }
          ],
          "name": "minecraft:command_block",
          "weight": 2
        },
        {
          "type": "minecraft:item",
          "functions": [
            {
              "add": false,
              "count": {
                "type": "minecraft:uniform",
                "max": 6.0,
                "min": 1.0
              },
              "function": "minecraft:set_count"
            },
            {
              "function": "set_components",
              "components": {
                "minecraft:lore": [
                  "{\"text\":\"Miner's Delight\",\"color\":\"blue\"}"
                ],
                "minecraft:rarity": "common",
                "minecraft:custom_model_data": 9600008,
                "minecraft:item_name": "{\"text\":\"Escargot\"}",
                "minecraft:food": {
                  "nutrition": 5,
                  "saturation": 0.5,
                  "effects": [
                    {
                      "effect": {
                        "id": "minecraft:nausea",
                        "amplifier": 0,
                        "duration": 300
                      },
                      "probability": 0.6
                    }
                  ]
                }
              }
            }
          ],
          "name": "minecraft:command_block",
          "weight": 14
        },
        {
          "type": "minecraft:item",
          "functions": [
            {
              "add": false,
              "count": {
                "type": "minecraft:uniform",
                "max": 6.0,
                "min": 1.0
              },
              "function": "minecraft:set_count"
            },
            {
              "function": "set_components",
              "components": {
                "minecraft:lore": [
                  "{\"text\":\"Miner's Delight\",\"color\":\"blue\"}"
                ],
                "minecraft:rarity": "common",
                "minecraft:custom_model_data": 9600001,
                "minecraft:custom_data": {
                "md": {"glowstick":true},
                "smithed": {"ignore":{"functionality":true,"crafting":true}}
                 },
                "minecraft:item_name": "{\"text\":\"Glowstick\"}",
                "minecraft:max_stack_size": 99
              }
            }
          ],
          "name": "minecraft:snowball",
          "weight": 17
        },
        {
          "type": "minecraft:item",
          "functions": [
            {
              "function": "set_components",
              "components": {
                "minecraft:lore": [
                  "{\"text\":\"Miner's Delight\",\"color\":\"blue\"}"
                ],
                "minecraft:rarity": "common",
                "minecraft:custom_model_data": 9600001,
                "minecraft:custom_data": {
                "md": {"creeper_alarm":true},
                "smithed": {"ignore":{"functionality":true,"crafting":true}}
                 },
                "minecraft:item_name": "{\"text\":\"Creeper Alarm\"}",
                "minecraft:max_stack_size": 1
              }
              
            }
          ],
          "name": "minecraft:command_block",
          "weight": 4
        },
        {
          "type": "minecraft:item",
          "functions": [
            {
              "function": "set_components",
              "components": {
                "minecraft:lore": [
                  "{\"text\":\"Miner's Delight\",\"color\":\"blue\"}"
                ],
                "minecraft:rarity": "common",
                "minecraft:custom_model_data": 9600007,
                "minecraft:item_name": "{\"text\":\"Toolbelt\"}",
                "minecraft:max_stack_size": 1,
                "minecraft:attribute_modifiers": {
                  "modifiers": [
                    {
                      "id": "block_interaction_range2",
                      "type": "minecraft:player.block_interaction_range",
                      "amount": 2,
                      "operation": "add_value",
                      "slot": "offhand"
                    },
                    {
                      "id": "block_interaction_range",
                      "type": "minecraft:player.block_interaction_range",
                      "amount": 2,
                      "operation": "add_value",
                      "slot": "mainhand"
                    }
                  ]
                }
              }
              
            }
          ],
          "name": "minecraft:command_block",
          "weight": 1
        },
        {
          "type": "minecraft:item",
          "functions": [
            {
              "add": false,
              "count": {
                "type": "minecraft:uniform",
                "max": 3.0,
                "min": 1.0
              },
              "function": "minecraft:set_count"
            }
          ],
          "name": "minecraft:diamond",
          "weight": 3
        },
        {
          "type": "minecraft:item",
          "functions": [
            {
              "add": false,
              "count": {
                "type": "minecraft:uniform",
                "max": 5.0,
                "min": 1.0
              },
              "function": "minecraft:set_count"
            }
          ],
          "name": "minecraft:iron_ingot",
          "weight": 10
        },
        {
          "type": "minecraft:item",
          "functions": [
            {
              "add": false,
              "count": {
                "type": "minecraft:uniform",
                "max": 7.0,
                "min": 2.0
              },
              "function": "minecraft:set_count"
            }
          ],
          "name": "minecraft:gold_ingot",
          "weight": 15
        },
        {
          "type": "minecraft:item",
          "functions": [
            {
              "add": false,
              "count": {
                "type": "minecraft:uniform",
                "max": 3.0,
                "min": 1.0
              },
              "function": "minecraft:set_count"
            }
          ],
          "name": "minecraft:bamboo",
          "weight": 15
        },
        {
          "type": "minecraft:item",
          "functions": [
            {
              "add": false,
              "count": {
                "type": "minecraft:uniform",
                "max": 3.0,
                "min": 1.0
              },
              "function": "minecraft:set_count"
            }
          ],
          "name": "minecraft:emerald",
          "weight": 2
        },
        {
          "type": "minecraft:item",
          "functions": [
            {
              "add": false,
              "count": {
                "type": "minecraft:uniform",
                "max": 6.0,
                "min": 4.0
              },
              "function": "minecraft:set_count"
            }
          ],
          "name": "minecraft:bone",
          "weight": 20
        },
        {
          "type": "minecraft:item",
          "functions": [
            {
              "add": false,
              "count": {
                "type": "minecraft:uniform",
                "max": 7.0,
                "min": 3.0
              },
              "function": "minecraft:set_count"
            }
          ],
          "name": "minecraft:rotten_flesh",
          "weight": 16
        },
        {
          "type": "minecraft:item",
          "name": "minecraft:saddle",
          "weight": 3
        },
        {
          "type": "minecraft:item",
          "name": "minecraft:iron_horse_armor"
        },
        {
          "type": "minecraft:item",
          "name": "minecraft:golden_horse_armor"
        },
        {
          "type": "minecraft:item",
          "name": "minecraft:diamond_horse_armor"
        },
        {
          "type": "minecraft:item",
          "functions": [
            {
              "function": "minecraft:enchant_with_levels",
              "levels": 30.0,
              "treasure": true
            }
          ],
          "name": "minecraft:book"
        }
      ],
      "rolls": {
        "type": "minecraft:uniform",
        "max": 6.0,
        "min": 2.0
      }
    },
    {
      "bonus_rolls": 0.0,
      "entries": [
        {
          "type": "minecraft:empty",
          "weight": 2
        },
        {
          "type": "minecraft:item",
          "functions": [
            {
              "add": false,
              "count": 2.0,
              "function": "minecraft:set_count"
            }
          ],
          "name": "minecraft:wild_armor_trim_smithing_template"
        }
      ],
      "rolls": 1.0
    }
  ],
  "random_sequence": "minecraft:chests/jungle_temple",
  "__smithed__": {
    "rules": [
      {
        "type": "append",
        "target": "pools[0].entries",
        "source": {
          "type": "reference",
          "path": "pools[0].entries[0]"
        }
      },
      {
        "type": "append",
        "target": "pools[1].entries",
        "source": {
          "type": "reference",
          "path": "pools[1].entries[1]"
        }
      },
      {
        "type": "append",
        "target": "pools[2].entries",
        "source": {
          "type": "reference",
          "path": "pools[2].entries[2]"
        }
      },
      {
        "type": "append",
        "target": "pools[3].entries",
        "source": {
          "type": "reference",
          "path": "pools[3].entries[3]"
        }
      },
      {
        "type": "append",
        "target": "pools[4].entries",
        "source": {
          "type": "reference",
          "path": "pools[4].entries[4]"
        }
      },
      {
        "type": "append",
        "target": "pools[5].entries",
        "source": {
          "type": "reference",
          "path": "pools[5].entries[5]"
        }
      }
    ]
  }
}