{
  "type": "minecraft:chest",
  "pools": [
    {
      "bonus_rolls": 0.0,
      "entries": [
        {
          "type": "minecraft:item",
          "functions": [
            {
              "add": false,
              "count": {
                "type": "minecraft:uniform",
                "max": 8.0,
                "min": 1.0
              },
              "function": "minecraft:set_count"
            },
            {
              "function": "set_components",
              "components": {
                "minecraft:lore": [
                  "{\"text\":\"Miner's Delight\",\"color\":\"blue\"}"
                ],
                "minecraft:rarity": "common",
                "minecraft:custom_model_data": 9600008,
                "minecraft:item_name": "{\"text\":\"Escargot\"}",
                "minecraft:food": {
                  "nutrition": 5,
                  "saturation": 0.5,
                  "effects": [
                    {
                      "effect": {
                        "id": "minecraft:nausea",
                        "amplifier": 0,
                        "duration": 300
                      },
                      "probability": 0.6
                    }
                  ]
                }
              }
            }
          ],
          "name": "minecraft:command_block",
          "weight": 7
        },
        {
          "type": "minecraft:item",
          "functions": [
            {
              "function": "set_components",
              "components": {
                "minecraft:lore": [
                  "{\"text\":\"Miner's Delight\",\"color\":\"blue\"}"
                ],
                "minecraft:rarity": "common",
                "minecraft:custom_model_data": 9600007,
                "minecraft:item_name": "{\"text\":\"Toolbelt\"}",
                "minecraft:max_stack_size": 1,
                "minecraft:attribute_modifiers": {
                  "modifiers": [
                    {
                      "id": "block_interaction_range2",
                      "type": "minecraft:player.block_interaction_range",
                      "amount": 2,
                      "operation": "add_value",
                      "slot": "offhand"
                    },
                    {
                      "id": "block_interaction_range",
                      "type": "minecraft:player.block_interaction_range",
                      "amount": 2,
                      "operation": "add_value",
                      "slot": "mainhand"
                    }
                  ]
                }
              }
              
            }
          ],
          "name": "minecraft:command_block",
          "weight": 3
        },
        {
          "type": "minecraft:item",
          "functions": [
            {
              "add": false,
              "count": {
                "type": "minecraft:uniform",
                "max": 12.0,
                "min": 1.0
              },
              "function": "minecraft:set_count"
            }
          ],
          "name": "minecraft:paper",
          "weight": 8
        },
        {
          "type": "minecraft:item",
          "functions": [
            {
              "add": false,
              "count": {
                "type": "minecraft:uniform",
                "max": 6.0,
                "min": 2.0
              },
              "function": "minecraft:set_count"
            }
          ],
          "name": "minecraft:potato",
          "weight": 7
        },
        {
          "type": "minecraft:item",
          "functions": [
            {
              "add": false,
              "count": {
                "type": "minecraft:uniform",
                "max": 4.0,
                "min": 1.0
              },
              "function": "minecraft:set_count"
            }
          ],
          "name": "minecraft:moss_block",
          "weight": 7
        },
        {
          "type": "minecraft:item",
          "functions": [
            {
              "add": false,
              "count": {
                "type": "minecraft:uniform",
                "max": 6.0,
                "min": 2.0
              },
              "function": "minecraft:set_count"
            }
          ],
          "name": "minecraft:poisonous_potato",
          "weight": 7
        },
        {
          "type": "minecraft:item",
          "functions": [
            {
              "add": false,
              "count": {
                "type": "minecraft:uniform",
                "max": 8.0,
                "min": 4.0
              },
              "function": "minecraft:set_count"
            }
          ],
          "name": "minecraft:carrot",
          "weight": 7
        },
        {
          "type": "minecraft:item",
          "functions": [
            {
              "add": false,
              "count": {
                "type": "minecraft:uniform",
                "max": 21.0,
                "min": 8.0
              },
              "function": "minecraft:set_count"
            }
          ],
          "name": "minecraft:wheat",
          "weight": 7
        },
        {
          "type": "minecraft:item",
          "functions": [
            {
              "effects": [
                {
                  "type": "minecraft:blindness",
                  "duration": {
                    "type": "minecraft:uniform",
                    "max": 7.0,
                    "min": 5.0
                  }
                },
                {
                  "type": "minecraft:jump_boost",
                  "duration": {
                    "type": "minecraft:uniform",
                    "max": 10.0,
                    "min": 7.0
                  }
                },
                {
                  "type": "minecraft:night_vision",
                  "duration": {
                    "type": "minecraft:uniform",
                    "max": 10.0,
                    "min": 7.0
                  }
                },
                {
                  "type": "minecraft:poison",
                  "duration": {
                    "type": "minecraft:uniform",
                    "max": 20.0,
                    "min": 10.0
                  }
                },
                {
                  "type": "minecraft:saturation",
                  "duration": {
                    "type": "minecraft:uniform",
                    "max": 10.0,
                    "min": 7.0
                  }
                },
                {
                  "type": "minecraft:weakness",
                  "duration": {
                    "type": "minecraft:uniform",
                    "max": 8.0,
                    "min": 6.0
                  }
                }
              ],
              "function": "minecraft:set_stew_effect"
            }
          ],
          "name": "minecraft:suspicious_stew",
          "weight": 10
        },
        {
          "type": "minecraft:item",
          "functions": [
            {
              "add": false,
              "count": {
                "type": "minecraft:uniform",
                "max": 8.0,
                "min": 2.0
              },
              "function": "minecraft:set_count"
            }
          ],
          "name": "minecraft:coal",
          "weight": 6
        },
        {
          "type": "minecraft:item",
          "functions": [
            {
              "add": false,
              "count": {
                "type": "minecraft:uniform",
                "max": 24.0,
                "min": 5.0
              },
              "function": "minecraft:set_count"
            }
          ],
          "name": "minecraft:rotten_flesh",
          "weight": 5
        },
        {
          "type": "minecraft:item",
          "functions": [
            {
              "add": false,
              "count": {
                "type": "minecraft:uniform",
                "max": 3.0,
                "min": 1.0
              },
              "function": "minecraft:set_count"
            }
          ],
          "name": "minecraft:pumpkin",
          "weight": 2
        },
        {
          "type": "minecraft:item",
          "functions": [
            {
              "add": false,
              "count": {
                "type": "minecraft:uniform",
                "max": 3.0,
                "min": 1.0
              },
              "function": "minecraft:set_count"
            }
          ],
          "name": "minecraft:bamboo",
          "weight": 2
        },
        {
          "type": "minecraft:item",
          "functions": [
            {
              "add": false,
              "count": {
                "type": "minecraft:uniform",
                "max": 5.0,
                "min": 1.0
              },
              "function": "minecraft:set_count"
            }
          ],
          "name": "minecraft:gunpowder",
          "weight": 3
        },
        {
          "type": "minecraft:item",
          "functions": [
            {
              "add": false,
              "count": {
                "type": "minecraft:uniform",
                "max": 2.0,
                "min": 1.0
              },
              "function": "minecraft:set_count"
            }
          ],
          "name": "minecraft:tnt"
        },
        {
          "type": "minecraft:item",
          "functions": [
            {
              "function": "minecraft:enchant_randomly"
            }
          ],
          "name": "minecraft:leather_helmet",
          "weight": 3
        },
        {
          "type": "minecraft:item",
          "functions": [
            {
              "function": "minecraft:enchant_randomly"
            }
          ],
          "name": "minecraft:leather_chestplate",
          "weight": 3
        },
        {
          "type": "minecraft:item",
          "functions": [
            {
              "function": "minecraft:enchant_randomly"
            }
          ],
          "name": "minecraft:leather_leggings",
          "weight": 3
        },
        {
          "type": "minecraft:item",
          "functions": [
            {
              "function": "minecraft:enchant_randomly"
            }
          ],
          "name": "minecraft:leather_boots",
          "weight": 3
        }
      ],
      "rolls": {
        "type": "minecraft:uniform",
        "max": 10.0,
        "min": 3.0
      }
    },
    {
      "bonus_rolls": 0.0,
      "entries": [
        {
          "type": "minecraft:empty",
          "weight": 5
        },
        {
          "type": "minecraft:item",
          "functions": [
            {
              "add": false,
              "count": 2.0,
              "function": "minecraft:set_count"
            }
          ],
          "name": "minecraft:coast_armor_trim_smithing_template"
        }
      ],
      "rolls": 1.0
    }
  ],
  "random_sequence": "minecraft:chests/shipwreck_supply",
  "__smithed__": {
    "rules": [
      {
        "type": "append",
        "target": "pools[0].entries",
        "source": {
          "type": "reference",
          "path": "pools[0].entries[0]"
        }
      },
      {
        "type": "append",
        "target": "pools[1].entries",
        "source": {
          "type": "reference",
          "path": "pools[1].entries[1]"
        }
      }
    ]
  }
}