{
    "alarm.creeper_alarm_closeby": {
    "category": "master",
    "sounds": [
    "alarms/creeper_closeby"
  ],
    "subtitle": "Creeper Alarm Alerts"
},
"alarm.creeper_alarm_near": {
  "category": "master",
  "sounds": [
  "alarms/creeper_near"
],
  "subtitle": "Creeper Alarm Alerts"
},
"turtle.place": {
  "category": "master",
  "sounds": [
  "turtle/mining_turtle_place"
],
  "subtitle": "Mining Turtle Activates"
},
"turtle.destroy": {
  "category": "master",
  "sounds": [
  "turtle/mining_turtle_destroy"
],
  "subtitle": "Mining Turtle Deactivates"
},
"turtle.drill": {
  "category": "master",
  "sounds": [
  "turtle/mining_turtle_drill"
],
  "subtitle": "Mining Turtle Drills"
},
"turtle.beep": {
  "category": "master",
  "sounds": [
  "turtle/mining_turtle_stationary"
],
  "subtitle": "Mining Turtle Beeps"
},
"turtle.collect1": {
  "category": "master",
  "sounds": [
  "turtle/mining_turtle_collect1"
],
  "subtitle": "Mining Turtle Collects"
},
"turtle.collect2": {
  "category": "master",
  "sounds": [
  "turtle/mining_turtle_collect2"
],
  "subtitle": "Mining Turtle Collects"
},
"turtle.collect3": {
  "category": "master",
  "sounds": [
  "turtle/mining_turtle_collect3"
],
  "subtitle": "Mining Turtle Collects"
},
"turtle.collect4": {
  "category": "master",
  "sounds": [
  "turtle/mining_turtle_collect4"
],
  "subtitle": "Mining Turtle Collects"
},
"turtle.collect5": {
  "category": "master",
  "sounds": [
  "turtle/mining_turtle_collect5"
],
  "subtitle": "Mining Turtle Collects"
},
"turtle.bug": {
  "category": "master",
  "sounds": [
  "turtle/mining_turtle_bug"
],
  "subtitle": "Mining Turtle Sputters"
},
"music_disc.chime": {
  "category": "record",
  "sounds": [
  "records/music_disc_chime"
],
  "subtitle": "Music Disc Chime Plays"
},
"music_disc.alarm": {
  "category": "record",
  "sounds": [
  "records/music_disc_alarm"
],
  "subtitle": "Music Disc Alarm Plays"
}
}