{
  "criteria": {
    "requirement": {
      "trigger": "minecraft:inventory_changed",
      "conditions": {
        "items": [
          {
            "items": "minecraft:dark_prismarine"
          }
        ]
      }
    }
  },
  "rewards": {
    "recipes": [
      "master_cutter:stone/dark_prismarine/dark_prismarine_from_dark_prismarine_stairs",
      "master_cutter:stone/dark_prismarine/dark_prismarine_from_dark_prismarine_stairs",
      "master_cutter:stone/dark_prismarine/prismarine_shard_from_stonecutting"
    ]
  }
}
