{
  "criteria": {
    "requirement": {
      "trigger": "minecraft:inventory_changed",
      "conditions": {
        "items": [
          {
            "items": "minecraft:red_nether_bricks"
          }
        ]
      }
    }
  },
  "rewards": {
    "recipes": [
      "master_cutter:stone/red_nether_bricks/red_nether_brick_from_stonecutting",
      "master_cutter:stone/red_nether_bricks/red_nether_brick_slab_from_red_nether_brick_stairs",
      "master_cutter:stone/red_nether_bricks/red_nether_brick_wall_from_red_nether_brick_stairs",
      "master_cutter:stone/red_nether_bricks/red_nether_bricks_from_red_nether_brick_stairs"
    ]
  }
}